,City,Country,Date,Latitude,Longitude,Cloudiness (%),Humidity (%),Max Temp (F),Wind Speed (mph)
0,faanui,PF,2023-02-03 22:34:54,-16.4833,-151.75,14,74,82.16600000000001,7.71
1,dikson,RU,2023-02-03 22:35:46,73.5069,80.5464,100,100,-8.590000000000025,0.78
2,chanika,TZ,2023-02-03 22:35:46,-5.4167,38.0167,100,92,70.79000000000002,0.77
3,ushuaia,AR,2023-02-03 22:34:42,-54.8,-68.3,0,71,48.127999999999965,7.2
4,hirara,JP,2023-02-03 22:35:46,24.8,125.2833,75,73,68.54000000000002,5.14
5,norman wells,CA,2023-02-03 22:35:47,65.282,-126.8329,100,69,-23.49400000000002,2.06
6,mahebourg,MU,2023-02-03 22:35:47,-20.4081,57.7,40,83,82.52599999999998,3.09
7,albany,US,2023-02-03 22:30:01,42.6001,-73.9662,80,45,-6.375999999999991,2.68
8,cape town,ZA,2023-02-03 22:31:42,-33.9258,18.4232,0,75,68.64800000000002,2.06
9,taolanaro,,,,,,,,
10,saint-philippe,RE,2023-02-03 22:35:48,-21.3585,55.7679,56,86,80.45600000000003,4.76
11,hermanus,ZA,2023-02-03 22:35:48,-34.4187,19.2345,0,83,69.08000000000004,4.17
12,paita,PE,2023-02-03 22:35:48,-5.0892,-81.1144,76,76,74.94800000000004,3.5
13,port elizabeth,ZA,2023-02-03 22:35:00,-33.918,25.5701,20,91,72.59000000000003,5.14
14,bluff,NZ,2023-02-03 22:35:49,-46.6,168.3333,26,79,66.12799999999996,5.35
15,new norfolk,AU,2023-02-03 22:35:49,-42.7826,147.0587,100,86,60.56600000000001,2.92
16,hofn,IS,2023-02-03 22:31:48,64.2539,-15.2082,82,71,35.00600000000003,6.45
17,mataura,NZ,2023-02-03 22:35:49,-46.1927,168.8643,4,30,89.79800000000003,1.73
18,vostok,RU,2023-02-03 22:35:50,46.4856,135.8833,85,79,8.690000000000019,3.75
19,qaanaaq,GL,2023-02-03 22:35:50,77.484,-69.3632,24,60,-2.524000000000015,3.44
20,badarganj,BD,2023-02-03 22:35:50,25.674,89.0549,1,34,75.46999999999997,2.04
21,garlasco,IT,2023-02-03 22:35:51,45.1974,8.9238,38,83,48.72200000000004,2.89
22,batsfjord,NO,2023-02-03 22:35:51,70.6345,29.7185,20,68,24.85399999999995,5.66
23,torbay,CA,2023-02-03 22:30:55,47.6666,-52.7314,40,81,27.64399999999997,16.46
24,cherskiy,RU,2023-02-03 22:35:51,68.75,161.3,93,100,-29.109999999999978,0.34
25,puerto ayora,EC,2023-02-03 22:31:25,-0.7393,-90.3518,83,93,78.81799999999998,0.75
26,dingle,PH,2023-02-03 22:35:42,10.9995,122.6711,90,72,83.42599999999999,6.57
27,acapulco,MX,2023-02-03 22:33:38,16.8634,-99.8901,20,83,78.89000000000001,1.54
28,crab hill,,,,,,,,
29,henderson,US,2023-02-03 22:35:52,36.0397,-114.9819,0,40,55.11199999999995,3.09
30,talnakh,RU,2023-02-03 22:35:52,69.4865,88.3972,100,97,8.95999999999998,2.11
31,rikitea,PF,2023-02-03 22:34:42,-23.1203,-134.9692,100,74,78.83599999999997,2.05
32,arcata,US,2023-02-03 22:34:37,40.8665,-124.0828,40,87,51.475999999999985,2.06
33,banda aceh,ID,2023-02-03 22:35:53,5.5577,95.3222,99,79,80.22200000000004,2.01
34,lakselv,NO,2023-02-03 22:35:53,70.0513,24.9718,40,78,6.890000000000018,6.17
35,ponta do sol,PT,2023-02-03 22:35:53,32.6667,-17.1,10,60,61.7,2.62
36,manicore,BR,2023-02-03 22:35:54,-5.8092,-61.3003,100,99,72.76999999999995,0.75
37,port-gentil,GA,2023-02-03 22:35:54,-0.7193,8.7815,35,80,81.26600000000002,3.07
38,la romana,DO,2023-02-03 22:35:54,18.4273,-68.9728,4,89,70.91600000000001,3.67
39,sitka,US,2023-02-03 22:35:55,57.0531,-135.33,20,87,35.76199999999996,0
40,barrow,US,2023-02-03 22:35:55,71.2906,-156.7887,75,83,-18.11200000000001,4.12
41,jamestown,US,2023-02-03 22:33:29,42.097,-79.2353,100,48,12.991999999999994,7.2
42,fortuna,US,2023-02-03 22:35:24,40.5982,-124.1573,0,86,51.20600000000003,4.12
43,ribeira grande,PT,2023-02-03 22:35:56,38.5167,-28.7,97,93,62.042,4.92
44,rio gallegos,AR,2023-02-03 22:35:56,-51.6226,-69.2181,0,47,55.72400000000002,6.17
45,jalingo,NG,2023-02-03 22:35:56,8.8833,11.3667,91,21,75.2,2.02
46,busselton,AU,2023-02-03 22:35:57,-33.65,115.3333,2,28,90.28399999999999,3.22
47,yulara,AU,2023-02-03 22:35:57,-25.2406,130.9889,0,21,83.53399999999999,4.84
48,san joaquin,US,2023-02-03 22:35:57,37.9333,-121.3011,0,91,51.817999999999984,2.57
49,athabasca,CA,2023-02-03 22:35:58,54.7169,-113.2854,96,91,27.283999999999992,1.35
50,hasaki,JP,2023-02-03 22:35:01,35.7333,140.8333,100,81,48.866000000000014,1.79
51,laguna de perlas,NI,2023-02-03 22:35:58,12.3429,-83.6712,5,88,74.31799999999998,5.17
52,sao filipe,CV,2023-02-03 22:35:59,14.8961,-24.4956,96,71,70.75399999999996,6.05
53,satana,IN,2023-02-03 22:35:59,20.5833,74.2,66,25,76.85600000000002,1.28
54,northam,GB,2023-02-03 22:35:59,51.0333,-4.2167,36,87,46.88599999999997,3.07
55,tasiilaq,GL,2023-02-03 22:35:10,65.6145,-37.6368,100,86,28.832000000000015,2.79
56,punta arenas,CL,2023-02-03 22:33:19,-53.15,-70.9167,0,62,52.17799999999997,13.38
57,vaini,TO,2023-02-03 22:36:00,-21.2,-175.2,75,78,82.83200000000002,5.14
58,cayenne,GF,2023-02-03 22:36:00,4.9333,-52.3333,75,88,77.30600000000004,3.09
59,carnarvon,AU,2023-02-03 22:34:51,-24.8667,113.6333,30,58,86.21600000000001,4.54
60,belaya gora,RU,2023-02-03 22:35:37,68.5333,146.4167,100,99,-14.205999999999982,1.81
61,taoudenni,ML,2023-02-03 22:36:01,22.6783,-3.9836,98,33,54.01400000000004,4.78
62,chuy,UY,2023-02-03 22:35:02,-33.6971,-53.4616,73,90,66.308,3.69
63,inhambane,MZ,2023-02-03 22:36:01,-23.865,35.3833,30,82,79.03399999999999,4.73
64,kyshtovka,RU,2023-02-03 22:36:01,56.555,76.6271,100,96,10.256000000000029,0.53
65,kapaa,US,2023-02-03 22:35:15,22.0752,-159.319,100,92,75.45199999999997,8.75
66,ahero,KE,2023-02-03 22:36:02,-0.1746,34.9163,37,54,64.65199999999999,2.22
67,comodoro rivadavia,AR,2023-02-03 22:36:02,-45.8667,-67.5,0,22,80.726,4.63
68,sentyabrskiy,,,,,,,,
69,bethel,US,2023-02-03 22:35:08,41.3712,-73.414,100,69,8.167999999999981,5.66
70,kodino,RU,2023-02-03 22:36:03,63.7198,39.6447,100,98,10.993999999999971,0.94
71,tres arroyos,AR,2023-02-03 22:36:03,-38.3739,-60.2798,0,84,58.11799999999998,2.94
72,unirea,RO,2023-02-03 22:36:04,44.15,23.1833,100,70,41.774000000000015,10.86
73,carutapera,BR,2023-02-03 22:36:04,-1.195,-46.02,92,92,76.04600000000005,2.37
74,bengkulu,ID,2023-02-03 22:36:05,-3.8004,102.2655,99,69,83.28200000000001,3.95
75,tuktoyaktuk,CA,2023-02-03 22:35:14,69.4541,-133.0374,75,66,-43.33,2.06
76,port alfred,ZA,2023-02-03 22:36:06,-33.5906,26.891,41,91,70.44800000000004,0.45
77,clyde river,CA,2023-02-03 22:36:06,70.4692,-68.5914,0,62,-28.695999999999998,5.66
78,clarksburg,US,2023-02-03 22:36:06,39.2807,-80.3445,0,75,13.316000000000006,1.29
79,hilo,US,2023-02-03 22:32:33,19.7297,-155.09,75,85,75.2,0.45
80,belushya guba,,,,,,,,
81,saint george,US,2023-02-03 22:35:12,37.1041,-113.5841,0,47,50.21600000000001,5.14
82,port hardy,CA,2023-02-03 22:36:07,50.6996,-127.4199,100,93,43.25,5.66
83,harer,ET,2023-02-03 22:36:08,9.3094,42.1258,1,52,62.63599999999997,3.67
84,pasni,PK,2023-02-03 22:36:08,25.2631,63.471,0,69,69.65600000000003,2.5
85,georgetown,MY,2023-02-03 22:34:58,5.4112,100.3354,20,73,87.99800000000002,2.06
86,burnie,AU,2023-02-03 22:36:08,-41.0667,145.9167,100,73,59.41400000000003,7.35
87,roura,GF,2023-02-03 22:36:09,4.7263,-52.3274,75,88,77.18000000000004,3.09
88,bredasdorp,ZA,2023-02-03 22:36:09,-34.5322,20.0403,17,89,66.39800000000002,2.89
89,killin,US,2023-02-03 22:36:09,33.6123,-91.7412,0,75,31.082000000000015,1.78
90,conceicao do araguaia,BR,2023-02-03 22:36:10,-8.2578,-49.2647,88,98,71.31199999999995,1.32
91,bathsheba,BB,2023-02-03 22:36:10,13.2167,-59.5167,40,73,79.68200000000002,9.26
92,vaitupu,,,,,,,,
93,nanortalik,GL,2023-02-03 22:36:03,60.1432,-45.2371,89,76,7.682000000000016,4.84
94,provideniya,RU,2023-02-03 22:36:11,64.3833,-173.3,60,89,-10.137999999999998,5.81
95,shihezi,CN,2023-02-03 22:36:11,44.3,86.0333,81,88,21.991999999999997,1.74
96,camacha,PT,2023-02-03 22:36:12,33.0833,-16.3333,20,67,56.89399999999998,3.6
97,terra nova,BR,2023-02-03 22:36:13,-12.3667,-40.6667,20,96,66.77599999999998,0.88
98,meulaboh,ID,2023-02-03 22:36:13,4.1363,96.1285,100,76,80.09600000000006,1.73
99,calvinia,ZA,2023-02-03 22:36:13,-31.4707,19.776,0,50,72.37400000000002,2.09
100,port hedland,AU,2023-02-03 22:36:14,-20.3167,118.5667,6,41,98.92400000000002,4.12
101,severo-kurilsk,RU,2023-02-03 22:36:00,50.6789,156.125,100,88,28.49000000000002,5.17
102,miracema do tocantins,BR,2023-02-03 22:36:14,-9.5618,-48.3967,79,94,73.184,0.46
103,nichinan,JP,2023-02-03 22:36:15,31.6,131.3667,100,43,55.346000000000046,2.26
104,khani,GE,2023-02-03 22:36:15,41.9563,42.9566,94,53,28.238000000000046,3.46
105,aden,YE,2023-02-03 22:36:15,12.7794,45.0367,36,76,74.75,3.8
106,illoqqortoormiut,,,,,,,,
107,maine-soroa,NE,2023-02-03 22:36:16,13.2114,12.0241,80,16,66.84800000000003,4.05
108,geraldton,AU,2023-02-03 22:32:13,-28.7667,114.6,18,31,93.88399999999999,10.8
109,narsaq,GL,2023-02-03 22:36:16,60.9167,-46.05,4,74,3.685999999999968,3.02
110,ostrovnoy,RU,2023-02-03 22:36:17,68.0531,39.5131,99,91,13.208000000000002,4.06
111,elk plain,US,2023-02-03 22:36:17,47.0532,-122.3976,100,80,48.14600000000005,5.14
112,hobart,AU,2023-02-03 22:32:44,-42.8794,147.3294,75,93,60.92599999999999,6.69
113,iberia,US,2023-02-03 22:36:17,29.9502,-91.7507,0,75,45.23000000000004,3.09
114,yellowknife,CA,2023-02-03 22:33:21,62.456,-114.3525,75,77,-12.17199999999999,4.12
115,nikolskoye,RU,2023-02-03 22:36:18,59.7035,30.7861,100,95,27.05,3.25
116,emba,KZ,2023-02-03 22:36:18,48.8264,58.1442,100,87,10.003999999999952,4.67
117,east london,ZA,2023-02-03 22:36:19,-33.0153,27.9116,0,88,71.00600000000003,3.09
118,cap malheureux,MU,2023-02-03 22:36:19,-19.9842,57.6142,58,74,82.74199999999999,2.68
119,hamamatsu,JP,2023-02-03 22:36:19,34.7,137.7333,28,35,57.092,4.92
120,bellinzona,CH,2023-02-03 22:36:20,46.1928,9.017,20,46,49.90999999999998,1.03
121,airai,TL,2023-02-03 22:36:20,-8.9266,125.4092,99,90,64.85,1.55
122,batagay,RU,2023-02-03 22:36:20,67.6333,134.6333,99,100,-31.378000000000014,0.66
123,thompson,CA,2023-02-03 22:36:21,55.7435,-97.8558,75,77,-5.367999999999988,1.03
124,areia branca,BR,2023-02-03 22:36:22,-4.9561,-37.1369,88,73,78.38599999999997,5.72
125,saskylakh,RU,2023-02-03 22:36:22,71.9167,114.0833,63,100,-45.75999999999998,1.42
126,codrington,AU,2023-02-03 22:36:23,-38.2667,141.9667,61,59,64.61600000000001,7.57
127,miri,MY,2023-02-03 22:36:23,4.4148,114.0089,40,74,86.41400000000004,2.06
128,west bay,KY,2023-02-03 22:36:24,19.3667,-81.4167,0,81,78.27799999999996,2.96
129,malwan,,,,,,,,
130,surt,LY,2023-02-03 22:36:24,31.2089,16.5887,2,74,55.45399999999995,3.28
131,ruatoria,,,,,,,,
132,sinnamary,GF,2023-02-03 22:36:25,5.3833,-52.95,100,88,76.28000000000004,5.46
133,qandala,SO,2023-02-03 22:36:25,11.472,49.8728,96,64,72.80600000000004,2.52
134,longyearbyen,SJ,2023-02-03 22:36:24,78.2186,15.6401,0,72,5.108000000000004,4.63
135,puerto gaitan,CO,2023-02-03 22:36:26,4.3133,-72.0816,15,45,79.15999999999998,2.62
136,leningradskiy,RU,2023-02-03 22:36:23,69.3833,178.4167,100,98,-23.259999999999984,1.01
137,nome,US,2023-02-03 22:35:37,64.5011,-165.4064,100,73,7.141999999999996,2.06
138,kaitangata,NZ,2023-02-03 22:36:26,-46.2817,169.8464,22,68,71.67200000000004,3.18
139,souillac,MU,2023-02-03 22:36:27,-20.5167,57.5167,40,83,81.24800000000002,3.09
140,butaritari,KI,2023-02-03 22:35:01,3.0707,172.7902,8,81,81.89600000000004,7.68
141,atuona,PF,2023-02-03 22:36:27,-9.8,-139.0333,14,77,79.28599999999997,8.65
142,saint-augustin,CA,2023-02-03 22:36:27,51.226,-58.6502,54,73,-5.7099999999999795,9
143,hayden,US,2023-02-03 22:36:28,47.766,-116.7866,100,76,41.306000000000026,4.63
144,storsteinnes,NO,2023-02-03 22:36:28,69.2408,19.2344,100,95,27.64399999999997,2.01
145,laguna,US,2023-02-03 22:34:44,38.421,-121.4238,100,91,53.851999999999975,1.54
146,fallon,US,2023-02-03 22:34:01,39.4735,-118.7774,71,77,38.19199999999999,1.63
147,fare,PF,2023-02-03 22:36:29,-16.7,-151.0167,45,74,81.96799999999999,8.15
148,bambous virieux,MU,2023-02-03 22:36:09,-20.3428,57.7575,40,83,82.49000000000002,3.09
149,kodiak,US,2023-02-03 22:35:12,57.79,-152.4072,100,69,33.58399999999999,1.54
150,caravelas,BR,2023-02-03 22:36:29,-17.7125,-39.2481,5,88,76.15399999999995,3.2
151,axim,GH,2023-02-03 22:31:59,4.8699,-2.2405,39,88,78.90800000000002,2.27
152,sabang,ID,2023-02-03 22:36:30,5.8933,95.3214,100,86,77.52200000000005,3.15
153,kungurtug,RU,2023-02-03 22:36:20,50.5994,97.5228,88,81,8.149999999999999,0.62
154,sao joao da barra,BR,2023-02-03 22:36:30,-21.6403,-41.0511,51,90,75.092,6.47
155,husavik,IS,2023-02-03 22:36:31,66.0449,-17.3389,85,64,31.082000000000015,8.51
156,pisco,PE,2023-02-03 22:36:31,-13.7,-76.2167,40,94,70.12400000000002,2.57
157,north bend,US,2023-02-03 22:35:23,43.4065,-124.2243,100,87,52.43000000000004,2.57
158,beringovskiy,RU,2023-02-03 22:36:31,63.05,179.3167,100,96,-12.496000000000002,6.27
159,sobolevo,RU,2023-02-03 22:36:32,54.4299,31.8996,91,97,12.830000000000041,2.41
160,mar del plata,AR,2023-02-03 22:36:32,-38.0023,-57.5575,40,76,69.368,3.58
161,pevek,RU,2023-02-03 22:36:33,69.7008,170.3133,30,100,-29.883999999999993,1.23
162,oussouye,SN,2023-02-03 22:36:33,12.485,-16.5469,13,42,68.35999999999999,3.16
163,lugovoy,KZ,2023-02-03 22:36:33,42.9472,72.7644,99,97,37.417999999999985,1.65
164,hithadhoo,MV,2023-02-03 22:35:04,-0.6,73.0833,98,67,82.4,7.93
165,orumiyeh,IR,2023-02-03 22:36:34,37.5527,45.0761,0,53,17.41999999999996,2.06
166,pacasmayo,PE,2023-02-03 22:36:34,-7.4006,-79.5714,100,80,71.97799999999997,3.52
167,kruisfontein,ZA,2023-02-03 22:36:34,-34.0033,24.7314,5,87,70.15999999999998,3.22
168,viedma,AR,2023-02-03 22:36:35,-40.8135,-62.9967,0,74,68.61199999999997,4.33
169,mtinko,TZ,2023-02-03 22:36:35,-4.55,34.85,96,83,62.780000000000044,1.52
170,shubarshi,KZ,2023-02-03 22:36:35,48.5872,57.1869,95,83,12.577999999999964,5.17
171,hopewell,US,2023-02-03 22:36:36,37.3043,-77.2872,4,41,26.222000000000037,3.81
172,sangar,RU,2023-02-03 22:36:36,63.9242,127.4739,100,88,-10.840000000000025,2.06
173,bilibino,RU,2023-02-03 22:36:36,68.0546,166.4372,11,98,-22.88200000000002,3.04
174,kamenskoye,,,,,,,,
175,qasigiannguit,GL,2023-02-03 22:36:37,68.8193,-51.1922,100,98,9.122000000000035,5.75
176,denpasar,ID,2023-02-03 22:32:32,-8.65,115.2167,75,94,78.72799999999997,4.63
177,cabedelo,BR,2023-02-03 22:35:35,-6.9811,-34.8339,38,73,79.73599999999996,3.9
178,san quintin,MX,2023-02-03 22:36:37,30.4833,-115.95,44,71,57.50600000000003,3.1
179,katsuura,JP,2023-02-03 22:36:38,35.1333,140.3,94,80,48.48800000000004,0.86
180,cabo san lucas,MX,2023-02-03 22:35:15,22.8909,-109.9124,4,72,67.78399999999999,1.36
181,tuatapere,NZ,2023-02-03 22:35:23,-46.1333,167.6833,27,53,80.16799999999998,0.89
182,port lincoln,AU,2023-02-03 22:36:15,-34.7333,135.8667,98,58,66.88399999999999,5.3
183,starovelichkovskaya,RU,2023-02-03 22:36:38,45.4288,38.7326,42,93,34.98800000000004,2.89
184,benito juarez,MX,2023-02-03 22:36:39,19.385,-99.165,0,64,57.109999999999985,4.47
185,ahipara,NZ,2023-02-03 22:35:08,-35.1667,173.1667,100,83,70.79000000000002,3.46
186,nuuk,GL,2023-02-03 22:36:39,64.1835,-51.7216,100,78,12.05600000000003,2.97
187,soyo,AO,2023-02-03 22:36:39,-6.1349,12.3689,97,86,80.38399999999999,3.85
188,vanavara,RU,2023-02-03 22:36:40,60.34,102.2797,100,96,1.832000000000015,1.8
189,marawi,PH,2023-02-03 22:36:40,7.9986,124.2928,100,66,77.91799999999998,2.96
190,praia da vitoria,PT,2023-02-03 22:36:40,38.7333,-27.0667,20,94,61.03399999999999,2.68
191,arraial do cabo,BR,2023-02-03 22:35:35,-22.9661,-42.0278,98,91,75.39800000000002,7.89
192,vardo,NO,2023-02-03 22:36:41,70.3705,31.1107,75,73,19.651999999999973,8.23
193,pochutla,MX,2023-02-03 22:36:41,15.7432,-96.4661,6,63,75.092,1.21
194,kande,TG,2023-02-03 22:36:41,9.9578,1.0447,49,20,74.642,1.04
195,naze,JP,2023-02-03 22:36:42,28.3667,129.4833,100,66,60.188000000000045,5.72
196,madang,PG,2023-02-03 22:36:42,-5.2246,145.7966,100,60,87.02599999999998,1.84
197,veraval,IN,2023-02-03 22:36:42,20.9,70.3667,2,34,77.9,2.46
198,joniskis,LT,2023-02-03 22:36:43,56.2403,23.6153,100,91,25.988000000000046,4.6
199,brigantine,US,2023-02-03 22:35:59,39.4101,-74.3646,0,38,19.291999999999994,11.32
200,kokstad,ZA,2023-02-03 22:36:43,-30.5472,29.4241,67,92,60.530000000000044,1.24
201,rockland,US,2023-02-03 22:33:07,41.1668,-74.0496,88,49,11.3,0.45
202,klyuchi,RU,2023-02-03 22:36:21,52.2667,79.1667,69,96,2.2640000000000313,1.51
203,trincomalee,LK,2023-02-03 22:36:44,8.5711,81.2335,39,82,80.07799999999997,5.6
204,atlantis,ZA,2023-02-03 22:36:44,-33.5667,18.4834,0,62,64.25600000000003,1.3
205,kralendijk,BQ,2023-02-03 22:36:44,12.15,-68.2667,75,78,77.25199999999998,5.66
206,henties bay,NA,2023-02-03 22:36:45,-22.116,14.2845,100,87,63.842,1.97
207,turmalina,BR,2023-02-03 22:36:45,-17.2856,-42.73,6,93,65.55199999999998,0.54
208,juegang,CN,2023-02-03 22:36:45,32.3174,121.1855,3,48,44.582000000000015,3.89
209,kjollefjord,NO,2023-02-03 22:36:46,70.9457,27.3465,100,68,26.924000000000014,6.17
210,grand river south east,,,,,,,,
211,tigil,RU,2023-02-03 22:36:46,57.8,158.6667,13,96,-2.8480000000000274,0.39
212,flinders,AU,2023-02-03 22:36:46,-34.5833,150.8552,0,38,80.45600000000003,5.36
213,petropavlovsk-kamchatskiy,RU,2023-02-03 22:36:47,53.0452,158.6483,0,46,22.064000000000032,3
214,takoradi,GH,2023-02-03 22:36:47,4.8845,-1.7554,37,88,78.99800000000002,2.57
215,richards bay,ZA,2023-02-03 22:36:47,-28.783,32.0377,34,90,73.20199999999997,2.02
216,shirokiy,RU,2023-02-03 22:36:49,49.758,129.523,87,88,1.1299999999999883,1.16
217,bababe,,,,,,,,
218,tual,ID,2023-02-03 22:36:49,-5.6667,132.75,100,81,81.71600000000001,7.21
219,oxapampa,PE,2023-02-03 22:36:49,-10.5775,-75.4017,100,98,58.190000000000026,0.62
220,samusu,,,,,,,,
221,touros,BR,2023-02-03 22:34:03,-5.1989,-35.4608,100,73,79.53800000000004,5.38
222,queanbeyan,AU,2023-02-03 22:36:50,-35.35,149.2333,40,52,66.74000000000002,10.8
223,bam,IR,2023-02-03 22:36:50,29.106,58.357,1,50,57.01999999999996,1.17
224,eydhafushi,MV,2023-02-03 22:36:50,5.1033,73.0708,92,72,80.618,2.41
225,kovur,IN,2023-02-03 22:36:51,14.4833,79.9833,1,54,83.49800000000002,3.87
226,iskateley,RU,2023-02-03 22:36:51,67.6803,53.1512,86,100,4.4599999999999795,3.18
227,roald,NO,2023-02-03 22:36:51,62.5833,6.1333,100,60,38.030000000000044,5.14
228,arlit,NE,2023-02-03 22:35:54,18.7369,7.3853,22,18,66.01999999999995,3.29
229,ondjiva,AO,2023-02-03 22:36:52,-17.0667,15.7333,100,67,70.10600000000002,1.45
230,port macquarie,AU,2023-02-03 22:35:30,-31.4333,152.9167,0,34,81.15800000000002,5.54
231,castro,BR,2023-02-03 22:36:52,-24.7911,-50.0119,100,98,64.77799999999996,3.03
232,nyurba,RU,2023-02-03 22:36:53,63.2842,118.3319,100,92,-19.73200000000002,1.7
233,galesong,ID,2023-02-03 22:36:53,-5.3166,119.3661,100,81,86.28800000000004,1.73
234,weiser,US,2023-02-03 22:36:53,44.251,-116.9693,99,89,34.26799999999999,2.06
235,muroto,JP,2023-02-03 22:36:54,33.2833,134.15,95,53,52.30399999999995,4.12
236,sembakung,ID,2023-02-03 22:36:54,3.8167,117.25,100,55,88.60999999999999,1.36
237,linares,CL,2023-02-03 22:36:54,-35.85,-71.6,0,69,64.11199999999997,1.22
238,lakota,CI,2023-02-03 22:36:55,5.8528,-5.6883,35,94,73.36400000000003,0.94
239,chokurdakh,RU,2023-02-03 22:36:55,70.6333,147.9167,97,100,-21.028000000000013,3.64
240,avarua,CK,2023-02-03 22:34:53,-21.2078,-159.775,40,78,82.72400000000002,6.69
241,port hawkesbury,CA,2023-02-03 22:36:55,45.6169,-61.3485,100,80,-2.3440000000000225,10.8
242,ascension,US,2023-02-03 22:36:56,30.2169,-90.9001,0,68,49.280000000000044,2.06
243,ahuimanu,US,2023-02-03 22:36:56,21.4447,-157.8378,75,84,78.78200000000001,3.6
244,lufilufi,WS,2023-02-03 22:36:56,-13.8745,-171.5986,100,84,87.85399999999996,8.06
245,linxia,CN,2023-02-03 22:36:57,35.6003,103.2064,0,28,40.225999999999985,1.33
246,mys shmidta,,,,,,,,
247,sao sebastiao,BR,2023-02-03 22:34:29,-23.76,-45.4097,100,75,77.99000000000002,1.39
248,razdolinsk,RU,2023-02-03 22:36:57,58.4211,94.6658,81,93,9.10399999999995,0.88
249,san cristobal,VE,2023-02-03 22:36:58,7.7669,-72.225,6,64,66.65,0.78
250,haines junction,CA,2023-02-03 22:35:30,60.7522,-137.5108,99,85,8.816000000000006,0
251,tupik,RU,2023-02-03 22:36:58,54.4253,119.9327,97,88,-2.0919999999999987,0.69
252,vila velha,BR,2023-02-03 22:36:58,-20.3297,-40.2925,20,83,79.01600000000002,3.6
253,lagos,NG,2023-02-03 22:22:13,6.5833,3.75,33,92,79.39399999999998,1.13
254,alice springs,AU,2023-02-03 22:32:35,-23.7,133.8833,0,34,78.61999999999996,5.66
255,southbridge,US,2023-02-03 22:36:59,42.0751,-72.0334,55,41,-2.470000000000013,2.68
256,ometepec,MX,2023-02-03 22:36:59,16.6833,-98.4167,2,74,70.26799999999999,1.81
257,constitucion,CL,2023-02-03 22:37:00,-35.3333,-72.4167,22,95,59.39600000000005,3.1
258,riyadh,SA,2023-02-03 22:37:00,24.6877,46.7219,0,43,46.814000000000036,2.56
259,okhotsk,RU,2023-02-03 22:37:00,59.3833,143.3,70,84,-6.429999999999993,4.88
260,amderma,,,,,,,,
261,luderitz,NA,2023-02-03 22:35:04,-26.6481,15.1594,93,85,61.627999999999965,4.19
262,mahon,ES,2023-02-03 22:37:01,39.8885,4.2658,0,93,47.227999999999966,4.12
263,barentsburg,,,,,,,,
264,panaba,MX,2023-02-03 22:37:01,21.2833,-88.2667,2,89,70.66400000000004,3.95
265,fort nelson,CA,2023-02-03 22:37:02,58.8053,-122.7002,100,89,0.21200000000000685,1.54
266,inderborskiy,,,,,,,,
267,sioux lookout,CA,2023-02-03 22:37:02,50.1001,-91.917,100,78,-1.858000000000004,6.69
268,solnechnyy,RU,2023-02-03 22:37:03,50.7214,136.6319,80,89,0.2660000000000089,1.88
269,aksu,CN,2023-02-03 22:37:03,41.1231,80.2644,93,73,28.27400000000001,1.71
270,yarmouth,US,2023-02-03 22:37:04,41.7057,-70.2286,75,55,3.6140000000000327,18.33
271,pacific grove,US,2023-02-03 22:37:05,36.6177,-121.9166,100,90,53.977999999999966,0.45
272,nantucket,US,2023-02-03 22:33:34,41.2835,-70.0995,100,45,5.377999999999961,14.92
273,severo-yeniseyskiy,RU,2023-02-03 22:37:07,60.3725,93.0408,97,94,9.985999999999965,1.13
274,oranjemund,NA,2023-02-03 22:36:44,-28.55,16.4333,92,84,63.446000000000055,3.26
275,saint-joseph,RE,2023-02-03 22:37:07,-21.3667,55.6167,61,83,79.44800000000004,5.06
276,pandan,PH,2023-02-03 22:37:08,14.0453,124.1694,85,76,80.16799999999998,7.08
277,mareeba,AU,2023-02-03 22:37:08,-17,145.4333,81,86,83.71400000000003,2.59
278,mokolo,CM,2023-02-03 22:37:10,10.7398,13.8019,95,21,69.29600000000005,2.34
279,nanhai,CN,2023-02-03 22:37:10,30.1282,111.7784,100,43,48.866000000000014,2.14
280,saleaula,,,,,,,,
281,wanning,CN,2023-02-03 22:37:11,18.8003,110.3967,91,81,74.82200000000003,3.79
282,jackson,US,2023-02-03 22:34:15,42.4165,-122.8345,75,77,46.30999999999998,1.54
283,broken hill,AU,2023-02-03 22:37:12,-31.95,141.4333,0,27,73.56199999999995,5.14
284,sarakhs,IR,2023-02-03 22:37:13,36.5449,61.1577,0,66,47.858000000000004,0.05
285,kirakira,SB,2023-02-03 22:37:13,-10.4544,161.9205,100,77,83.40800000000002,0.76
286,dhidhdhoo,MV,2023-02-03 22:37:14,6.8833,73.1,92,75,80.29399999999998,1.89
287,omsukchan,RU,2023-02-03 22:37:14,62.5333,155.8,100,98,-18.274000000000015,1.96
288,guerrero negro,MX,2023-02-03 22:33:36,27.9769,-114.0611,90,69,59.50399999999995,4.73
289,dudinka,RU,2023-02-03 22:37:15,69.4058,86.1778,100,96,7.7900000000000205,3.46
290,bambari,CF,2023-02-03 22:37:16,5.768,20.6757,86,24,71.18599999999998,1.49
291,harrismith,ZA,2023-02-03 22:37:16,-28.2728,29.1295,71,88,58.92799999999997,1.75
292,sulam,IL,2023-02-03 22:37:17,32.6061,35.3341,100,88,52.15999999999998,5.62
293,lagoa,PT,2023-02-03 22:37:17,39.05,-27.9833,100,84,58.00999999999998,5.6
294,vila franca do campo,PT,2023-02-03 22:37:18,37.7167,-25.4333,90,88,59.684,3.19
295,seabra,BR,2023-02-03 22:34:51,-12.4186,-41.7703,98,93,64.292,0.62
296,dakar,SN,2023-02-03 22:27:20,14.6937,-17.4441,97,88,65.55199999999998,1.03
297,lasa,IT,2023-02-03 22:37:18,46.6166,10.7002,85,96,40.351999999999975,4.55
298,sofiysk,,,,,,,,
299,otjimbingwe,NA,2023-02-03 22:37:19,-22.35,16.1333,99,69,75.10999999999999,0.66
300,dzhebariki-khaya,RU,2023-02-03 22:37:20,62.2167,135.8,46,90,-19.425999999999988,0.56
301,hervey bay,AU,2023-02-03 22:37:20,-25.2986,152.8535,99,68,87.29600000000005,5.81
302,zhigansk,RU,2023-02-03 22:37:21,66.7697,123.3711,64,96,-38.02000000000001,5.08
303,ambon,ID,2023-02-03 22:37:21,-3.6954,128.1814,40,70,84.61400000000003,3.6
304,halifax,CA,2023-02-03 22:37:21,44.6453,-63.5724,87,67,-5.044000000000025,7.15
305,mabaruma,GY,2023-02-03 22:37:22,8.2,-59.7833,76,100,70.32200000000003,0.99
306,vicuna,CL,2023-02-03 22:37:22,-30.0319,-70.7081,100,58,57.2,0.37
307,kutahya,TR,2023-02-03 22:37:23,39.4242,29.9833,79,97,14.558000000000003,1.6
308,plouzane,FR,2023-02-03 22:37:23,48.3833,-4.6167,100,74,46.72400000000001,1.54
309,goderich,CA,2023-02-03 22:37:23,43.7501,-81.7165,100,72,15.188000000000045,4.63
310,nouakchott,MR,2023-02-03 22:37:24,18.0858,-15.9785,99,27,59.19800000000002,5.42
311,vestmannaeyjar,IS,2023-02-03 22:37:24,63.4427,-20.2734,97,62,37.49000000000002,14.18
312,bonthe,SL,2023-02-03 22:37:25,7.5264,-12.505,10,95,76.28000000000004,1.72
313,awka,NG,2023-02-03 22:37:25,6.2101,7.0741,79,92,75.95600000000003,1.13
314,inirida,CO,2023-02-03 22:37:25,3.8653,-67.9239,82,73,74.69600000000005,0.21
315,mayor pablo lagerenza,PY,2023-02-03 22:37:26,-19.9309,-60.7718,95,94,69.49399999999997,1.88
316,mutsu,JP,2023-02-03 22:37:27,41.2894,141.2169,75,100,28.688000000000045,1.03
317,tete,MZ,2023-02-03 22:37:27,-16.1564,33.5867,20,100,73.75999999999999,0
318,sechura,PE,2023-02-03 22:37:28,-5.5569,-80.8222,69,73,74.82200000000003,3.97
319,salta,AR,2023-02-03 22:36:36,-24.7859,-65.4117,75,86,61.84399999999997,5.66
320,upernavik,GL,2023-02-03 22:37:28,72.7868,-56.1549,100,99,-14.674000000000014,3.8
321,ripky,UA,2023-02-03 22:37:29,51.801,31.0838,94,96,22.675999999999988,2.46
322,sola,VU,2023-02-03 22:37:29,-13.8833,167.55,23,73,83.40800000000002,1.85
323,saint-georges,GD,2023-02-03 22:32:52,12.0564,-61.7485,40,78,78.74600000000005,5.14
324,shenjiamen,CN,2023-02-03 22:37:29,29.9576,122.298,99,66,47.641999999999996,4.95
325,kambove,CD,2023-02-03 22:37:30,-10.8764,26.5969,100,98,62.05999999999998,0.37
326,coihaique,CL,2023-02-03 22:32:43,-45.5752,-72.0662,0,67,63.48200000000001,1.03
327,lebu,CL,2023-02-03 22:34:50,-37.6167,-73.65,0,75,62.167999999999985,5.58
328,ocumare del tuy,VE,2023-02-03 22:37:30,10.1165,-66.7761,59,97,75.86600000000001,1.45
329,kijang,KR,2023-02-03 22:37:31,35.2442,129.2139,21,25,44.6,4.82
330,alofi,NU,2023-02-03 22:37:31,-19.0595,-169.9187,100,83,77.16199999999995,1.54
331,davila,PH,2023-02-03 22:37:31,18.4726,120.5763,42,62,86.25199999999998,6.51
332,makung,,,,,,,,
333,honningsvag,NO,2023-02-03 22:37:32,70.9821,25.9704,100,74,26.617999999999984,9.77
334,cairns,AU,2023-02-03 22:37:33,-16.9167,145.7667,93,74,88.34000000000003,3.09
335,tura,IN,2023-02-03 22:37:33,25.5198,90.2201,1,33,76.73000000000005,1.55
336,pyshma,RU,2023-02-03 22:37:34,56.9523,63.2513,15,86,1.5980000000000238,2.19
337,carnot,CF,2023-02-03 22:37:34,4.9409,15.8665,26,33,65.858,0.89
338,xingyi,CN,2023-02-03 22:37:35,24.1877,102.817,5,27,70.75399999999996,7.71
339,umea,SE,2023-02-03 22:37:35,63.8284,20.2597,12,85,3.3980000000000246,3.09
340,ituni,,,,,,,,
341,tobetsu,JP,2023-02-03 22:37:36,43.2169,141.5169,75,80,29.372000000000035,1.54
342,muzhi,RU,2023-02-03 22:37:36,65.3667,64.6667,62,98,4.8560000000000265,2.24
343,luwuk,ID,2023-02-03 22:37:37,-0.9516,122.7875,94,71,84.99199999999999,0.81
344,bowen,AU,2023-02-03 22:37:37,-20.0167,148.2333,100,81,83.20999999999998,5.71
345,neiafu,TO,2023-02-03 22:37:37,-18.65,-173.9833,75,74,85.15399999999995,2.06
346,verkh-usugli,RU,2023-02-03 22:37:38,52.7,115.1667,13,67,9.5,0.63
347,yairipok,IN,2023-02-03 22:37:38,24.6667,94.0667,13,19,66.326,0.92
348,la ronge,CA,2023-02-03 22:37:38,55.1001,-105.2842,100,92,12.722000000000037,4.63
349,warr acres,US,2023-02-03 22:34:22,35.5226,-97.6189,0,59,43.285999999999966,7.72
350,irtyshskiy,RU,2023-02-03 22:37:39,58.3333,68.1333,53,86,4.801999999999975,2.02
351,los llanos de aridane,ES,2023-02-03 22:37:23,28.6585,-17.9182,75,75,56.39000000000002,4.12
352,san andres,CO,2023-02-03 22:37:39,12.5847,-81.7006,20,78,79.08800000000005,6.69
353,pizhma,RU,2023-02-03 22:37:40,57.8642,47.1171,100,98,23.341999999999995,1.5
354,adrar,MR,2023-02-03 22:37:40,20.5022,-10.0711,99,16,53.50999999999998,4.95
355,takaka,NZ,2023-02-03 22:37:40,-40.85,172.8,23,70,77.41400000000004,4.03
356,yei,SS,2023-02-03 22:37:41,4.095,30.6779,72,33,69.98000000000005,0.59
357,ancud,CL,2023-02-03 22:37:38,-41.8697,-73.8203,0,79,58.53200000000002,0.62
358,kaminskiy,RU,2023-02-03 22:37:41,57.1516,41.4732,100,96,24.8,3.61
359,namatanai,PG,2023-02-03 22:37:41,-3.6667,152.4333,100,75,83.35399999999996,2.68
360,orlik,RU,2023-02-03 22:37:42,52.5178,99.825,8,79,2.875999999999987,0.28
361,iqaluit,CA,2023-02-03 22:37:42,63.7506,-68.5145,0,66,-32.044000000000025,5.66
362,portland,US,2023-02-03 22:28:24,45.5234,-122.6762,100,88,50.88200000000002,3.13
363,roma,US,2023-02-03 22:37:42,43.2128,-75.4557,100,61,-6.646000000000001,5.14
364,saint marys,US,2023-02-03 22:35:57,30.7305,-81.5465,0,84,56.28200000000002,4.13
365,gushikawa,JP,2023-02-03 22:36:29,26.3544,127.8686,100,69,64.25600000000003,2.57
366,velizh,RU,2023-02-03 22:37:43,55.6056,31.1967,98,98,13.135999999999967,1.44
367,korla,CN,2023-02-03 22:37:43,41.7597,86.1469,87,54,29.26400000000003,1.48
368,tongzi,CN,2023-02-03 22:37:44,28.7829,105.0877,99,53,60.656000000000034,0.99
369,chicama,PE,2023-02-03 22:37:44,-7.8447,-79.1469,96,75,67.00999999999999,1.83
370,ust-tsilma,RU,2023-02-03 22:37:44,65.441,52.1498,100,97,9.859999999999978,0.71
371,hauterive,FR,2023-02-03 22:37:45,46.0901,3.4459,100,90,42.02599999999999,0.29
372,tsihombe,,,,,,,,
373,mayumba,GA,2023-02-03 22:36:55,-3.432,10.6554,97,88,78.06199999999995,2.77
374,cabatuan,PH,2023-02-03 22:37:45,10.8794,122.486,90,70,83.42599999999999,6.85
375,victoria,HK,2023-02-03 22:35:33,22.2855,114.1577,100,83,67.226,5.81
376,namibe,AO,2023-02-03 22:37:34,-15.1961,12.1522,83,79,71.16799999999998,2.67
377,khatanga,RU,2023-02-03 22:37:46,71.9667,102.5,68,100,-32.08,1.88
378,killybegs,IE,2023-02-03 22:37:46,54.6333,-8.45,95,79,49.55,6.63
379,duluth,US,2023-02-03 22:36:20,46.7833,-92.1066,100,53,3.830000000000041,6.17
380,maracaibo,VE,2023-02-03 22:35:49,10.6317,-71.6406,6,73,77.05399999999995,3.96
381,poum,NC,2023-02-03 22:37:47,-20.2333,164.0167,41,77,84.01999999999995,5.39
382,anadyr,RU,2023-02-03 22:37:47,64.75,177.4833,0,70,-8.62599999999999,3
383,nemuro,JP,2023-02-03 22:37:47,43.3236,145.575,23,60,23.216000000000008,1.86
384,kamenka,RU,2023-02-03 22:37:48,51.3223,42.7678,100,96,21.55999999999998,3.17
385,kemise,ET,2023-02-03 22:37:48,10.7167,39.8667,59,66,64.54399999999998,0.43
386,kloulklubed,PW,2023-02-03 22:37:48,7.0419,134.2556,84,79,84.97400000000002,7.51
387,champerico,GT,2023-02-03 22:37:49,14.3,-91.9167,4,75,77.71999999999997,2.11
388,maryville,US,2023-02-03 22:37:49,35.7565,-83.9705,0,63,30.938000000000045,0.45
389,russell,US,2023-02-03 22:37:49,32.3502,-85.1999,0,65,44.15,3.6
390,nizhneyansk,,,,,,,,
391,kenora,CA,2023-02-03 22:37:50,49.8167,-94.4337,100,60,-0.9580000000000055,6.71
392,paisley,GB,2023-02-03 22:37:50,55.8317,-4.4325,20,88,49.92799999999997,4.63
393,esperance,AU,2023-02-03 22:37:50,-33.8667,121.9,10,50,77.35999999999999,7.26
394,hihifo,,,,,,,,
395,marcona,,,,,,,,
396,lubao,PH,2023-02-03 22:37:51,14.9167,120.55,92,51,88.142,6.74
397,manaure,CO,2023-02-03 22:37:51,11.7751,-72.4445,5,78,75.91999999999996,6.61
398,berdigestyakh,RU,2023-02-03 22:37:51,62.0989,126.6992,100,93,-9.112000000000009,1.04
399,piacabucu,BR,2023-02-03 22:37:52,-10.4056,-36.4344,92,76,77.71999999999997,3.8
400,irbit,RU,2023-02-03 22:37:52,57.6705,63.071,70,87,5.738000000000046,2.36
401,nizwa,OM,2023-02-03 22:37:52,22.9333,57.5333,2,44,70.53800000000004,0.6
402,egvekinot,RU,2023-02-03 22:37:53,66.3167,-179.1667,9,87,-24.016000000000012,6.24
403,vicente guerrero,MX,2023-02-03 22:36:52,19.1194,-98.1708,1,78,44.05999999999998,4.21
404,deputatskiy,RU,2023-02-03 22:37:53,69.3,139.9,98,99,-24.159999999999982,1.84
405,vallenar,CL,2023-02-03 22:37:54,-28.5708,-70.7581,0,65,68.54000000000002,1.3
406,sakaiminato,JP,2023-02-03 22:37:54,35.55,133.2333,40,81,48.398000000000025,3.6
407,lieksa,FI,2023-02-03 22:37:54,63.3167,30.0167,82,90,12.775999999999986,4.38
408,belomorsk,RU,2023-02-03 22:37:55,64.5232,34.7668,99,96,11.930000000000039,3.52
409,dafeng,CN,2023-02-03 22:37:55,23.4517,108.5881,100,95,58.11799999999998,1.43
410,salinopolis,BR,2023-02-03 22:36:50,-0.6136,-47.3561,92,88,77.41400000000004,3.75
411,asau,RO,2023-02-03 22:37:55,46.4333,26.4,100,90,25.988000000000046,1.68
412,itoman,JP,2023-02-03 22:37:56,26.1247,127.6694,75,66,65.04800000000003,2.57
413,tautira,PF,2023-02-03 22:37:56,-17.7333,-149.15,99,83,80.18599999999998,6.81
414,padang,ID,2023-02-03 22:37:56,-0.9492,100.3543,100,64,86.32400000000001,1.99
415,imbituba,BR,2023-02-03 22:37:57,-28.24,-48.6703,82,93,78.13399999999999,1.67
416,whyalla,AU,2023-02-03 22:37:57,-33.0333,137.5833,71,55,68.86400000000003,6.88
417,neuquen,AR,2023-02-03 22:37:57,-38.9516,-68.0591,0,50,75.36199999999997,0
418,agogo,GH,2023-02-03 22:37:58,6.8,-1.0819,34,94,71.22200000000004,2
419,santa isabel,BR,2023-02-03 22:37:55,-23.3156,-46.2214,100,87,71.16799999999998,2.59
420,lakatoro,VU,2023-02-03 22:37:58,-16.0999,167.4164,38,75,85.47799999999997,4.01
421,yarim,YE,2023-02-03 22:37:58,14.298,44.3779,3,35,54.91400000000003,0.5
422,red wing,US,2023-02-03 22:37:59,44.5625,-92.5338,75,62,6.367999999999984,3.6
423,san patricio,US,2023-02-03 22:37:59,28.017,-97.5169,11,83,52.10600000000003,2.12
424,suez,EG,2023-02-03 22:37:59,29.9737,32.5263,1,55,51.08000000000004,1.99
425,paris,FR,2023-02-03 22:34:33,48.8534,2.3488,100,91,49.04600000000005,3.6
426,yuancheng,CN,2023-02-03 22:38:00,36.652,107.7896,0,27,38.65999999999998,4.66
427,zavoi,RO,2023-02-03 22:38:00,45.5167,22.4167,100,99,33.89000000000002,2.23
428,kovdor,RU,2023-02-03 22:33:09,67.5662,30.4758,100,100,7.448000000000025,1.03
429,verkhnyaya inta,RU,2023-02-03 22:38:01,65.9811,60.3094,99,92,9.10399999999995,2.09
430,huntsville,US,2023-02-03 22:37:11,34.7304,-86.5861,0,71,32.09000000000002,4.02
431,paradwip,,,,,,,,
432,semnan,IR,2023-02-03 22:38:01,35.5729,53.3971,43,34,37.59800000000003,1.18
433,margate,GB,2023-02-03 22:38:02,51.3813,1.3862,58,80,47.96600000000001,1.34
434,kidal,ML,2023-02-03 22:38:03,18.4411,1.4078,8,16,59.432000000000016,4.84
435,syamzha,RU,2023-02-03 22:38:03,60.0158,41.0614,99,97,17.41999999999996,1.7
436,hrodna,BY,2023-02-03 22:38:04,53.6884,23.8258,75,86,26.72599999999999,5
437,washington,US,2023-02-03 22:33:50,47.5001,-120.5015,75,74,33.998000000000026,0.36
438,half moon bay,US,2023-02-03 22:38:04,37.4636,-122.4286,100,95,54.30199999999998,0
439,toda bhim,,,,,,,,
440,maragogi,BR,2023-02-03 22:38:05,-9.0122,-35.2225,63,73,78.20600000000003,3.32
441,talaya,RU,2023-02-03 22:38:06,61.3833,152.75,100,99,-20.848000000000027,0.8
442,abu zabad,SD,2023-02-03 22:38:06,12.35,29.25,23,24,59.719999999999956,5.15
443,lompoc,US,2023-02-03 22:38:07,34.6391,-120.4579,0,85,52.214000000000034,6.26
444,hambantota,LK,2023-02-03 22:38:07,6.1241,81.1185,75,79,84.81199999999995,6.17
445,khandwa,IN,2023-02-03 22:38:08,21.8333,76.3333,5,19,74.22799999999997,2.69
446,buin,CL,2023-02-03 22:38:10,-33.7333,-70.75,64,62,78.38599999999997,0.3
447,tiksi,RU,2023-02-03 22:38:11,71.6872,128.8694,99,100,-30.19000000000002,0.78
448,opuwo,NA,2023-02-03 22:38:12,-18.0607,13.84,87,39,67.40600000000003,1.66
449,praia,CV,2023-02-03 22:38:12,14.9215,-23.5087,20,77,68.80999999999997,6.17
450,nago,JP,2023-02-03 22:38:13,26.5881,127.9761,99,64,65.10199999999998,4.5
451,roros,NO,2023-02-03 22:38:14,62.5747,11.3842,100,85,-0.2919999999999945,0.51
452,meyungs,,,,,,,,
453,ilulissat,GL,2023-02-03 22:38:14,69.2167,-51.1,100,72,8.888000000000044,8.23
454,alotau,,,,,,,,
455,karoi,ZW,2023-02-03 22:38:15,-16.8099,29.6925,98,89,65.82200000000003,1.25
456,mayo,US,2023-02-03 22:38:16,38.8876,-76.5119,0,44,21.343999999999973,4.47
457,dabhol,IN,2023-02-03 22:38:16,17.6,73.1667,95,28,85.85600000000002,1.19
458,atchison,US,2023-02-03 22:38:17,39.563,-95.1216,0,47,31.064000000000032,6.11
459,trairi,BR,2023-02-03 22:35:03,-3.2778,-39.2689,65,90,75.97400000000002,3.87
460,forrest city,US,2023-02-03 22:34:56,35.0081,-90.7898,0,61,26.72599999999999,1.99
461,klaksvik,FO,2023-02-03 22:38:18,62.2266,-6.589,100,93,47.588000000000044,11.93
462,tazovskiy,RU,2023-02-03 22:38:18,67.4667,78.7,100,96,8.366000000000007,2.11
463,palabuhanratu,,,,,,,,
464,san antonio,US,2023-02-03 22:35:06,29.4241,-98.4936,0,84,44.61799999999998,2.06
465,umzimvubu,,,,,,,,
466,presidencia roque saenz pena,AR,2023-02-03 22:38:20,-26.7852,-60.4388,56,56,72.98599999999996,2.51
467,oksfjord,NO,2023-02-03 22:38:21,70.2396,22.3479,96,90,32.45,5.71
468,alta floresta,BR,2023-02-03 22:38:21,-9.8756,-56.0861,82,98,70.01600000000002,0.63
469,deyang,CN,2023-02-03 22:38:22,31.1302,104.382,58,40,62.79800000000003,1.85
470,mount gambier,AU,2023-02-03 22:38:22,-37.8333,140.7667,89,55,65.80399999999995,4.66
471,ilinsko-podomskoye,,,,,,,,
472,iracoubo,GF,2023-02-03 22:38:23,5.4802,-53.2011,100,87,76.17200000000004,5.29
473,ketchikan,US,2023-02-03 22:36:37,55.3422,-131.6461,100,100,44.851999999999975,0
474,abapo,BO,2023-02-03 22:38:24,-18.8333,-63.4667,100,96,63.68000000000004,1.21
475,mitsamiouli,KM,2023-02-03 22:38:25,-11.3847,43.2844,100,77,82.23800000000006,2.29
476,lahaina,US,2023-02-03 22:37:56,20.8783,-156.6825,100,69,78.08000000000004,4.2
477,nieuw amsterdam,SR,2023-02-03 22:38:25,5.8833,-55.0833,43,86,78.29600000000005,4.1
478,yar-sale,RU,2023-02-03 22:33:36,66.8333,70.8333,94,100,1.5980000000000238,2.46
479,attawapiskat,,,,,,,,
480,sarangani,PH,2023-02-03 22:38:27,5.4033,125.4636,90,71,81.96799999999999,4.4
481,mbandaka,CD,2023-02-03 22:38:27,0.0487,18.2603,74,69,73.99399999999997,0.48
482,dargaville,NZ,2023-02-03 22:38:27,-35.9333,173.8833,100,82,71.63599999999997,2.12
483,lata,PT,2023-02-03 22:38:28,40.1629,-8.3327,0,67,39.74000000000002,1.73
484,treinta y tres,UY,2023-02-03 22:38:28,-33.2333,-54.3833,69,92,62.99600000000005,4.35
485,zambezi,ZM,2023-02-03 22:38:29,-13.5432,23.1047,93,97,65.01199999999996,1.39
486,salalah,OM,2023-02-03 22:37:57,17.0151,54.0924,20,64,70.15999999999998,2.06
487,dondo,MZ,2023-02-03 22:38:29,-19.6094,34.7431,88,74,74.984,1.43
488,hudson bay,CA,2023-02-03 22:38:30,52.85,-102.3842,54,95,6.098000000000024,2.25
489,pangnirtung,CA,2023-02-03 22:38:30,66.1451,-65.7125,100,89,-30.65800000000001,0.85
490,misratah,LY,2023-02-03 22:38:30,32.3754,15.0925,6,73,56.82200000000004,2.9
491,houma,US,2023-02-03 22:38:31,29.5958,-90.7195,0,72,50.26999999999996,2.57
492,porto santo,PT,2023-02-03 22:38:31,33.072,-16.3415,20,67,59.648000000000025,3.6
493,fairbanks,US,2023-02-03 22:36:13,64.8378,-147.7164,75,83,7.033999999999992,0
494,kautokeino,NO,2023-02-03 22:38:32,69.0125,23.0412,100,100,2.8039999999999488,1.49
495,la sarre,CA,2023-02-03 22:37:03,48.8002,-79.1996,32,99,-30.063999999999986,2.42
496,mutsamudu,,,,,,,,
497,antofagasta,CL,2023-02-03 22:38:33,-23.65,-70.4,31,79,69.35,1.12
498,zonguldak,TR,2023-02-03 22:38:33,41.25,31.8333,26,85,25.51999999999996,2.31
499,antigonish,CA,2023-02-03 22:38:33,45.6169,-61.9986,74,78,-7.978000000000016,5.81
500,rio grande,BR,2023-02-03 22:38:34,-32.035,-52.0986,89,81,72.48200000000003,5.74
501,mount isa,AU,2023-02-03 22:38:34,-20.7333,139.5,1,22,87.83599999999997,5.14
502,kahului,US,2023-02-03 22:38:34,20.8947,-156.47,40,66,78.11600000000001,7.2
503,koshurnikovo,RU,2023-02-03 22:38:35,54.1667,93.3,98,90,9.841999999999995,0.64
504,nanakuli,US,2023-02-03 22:38:35,21.3906,-158.1547,0,78,79.01600000000002,2.57
505,yazykovo,RU,2023-02-03 22:38:35,55.2199,56.1353,100,99,2.516000000000009,1.27
506,labis,MY,2023-02-03 22:38:36,2.385,103.021,94,72,83.71400000000003,2.94
507,palmer,US,2023-02-03 22:38:36,42.1584,-72.3287,40,35,-0.8679999999999879,6.69
508,tomatlan,MX,2023-02-03 22:38:37,19.9333,-105.25,39,74,66.83000000000004,1.5
509,bubaque,GW,2023-02-03 22:38:37,11.2833,-15.8333,4,57,76.892,5.18
510,saa,CM,2023-02-03 22:38:37,4.3667,11.45,77,90,71.86999999999996,1.56
511,ballina,AU,2023-02-03 22:38:38,-28.8667,153.5667,100,76,76.73000000000005,4.62
512,rodeo,US,2023-02-03 22:38:38,38.033,-122.2669,75,91,53.61799999999998,2.06
513,verkhoyansk,RU,2023-02-03 22:38:38,67.5447,133.385,98,99,-33.358000000000004,1.32
514,krasnoselkup,RU,2023-02-03 22:38:39,65.7,82.4667,100,95,13.801999999999975,2.6
515,nara,JP,2023-02-03 22:38:24,34.6851,135.8049,25,32,54.76999999999996,5.62
516,grand centre,,,,,,,,
517,umm kaddadah,SD,2023-02-03 22:38:39,13.6017,26.6876,95,25,58.424000000000014,6.9
518,honiara,SB,2023-02-03 22:38:22,-9.4333,159.95,68,79,84.092,0.91
519,abha,SA,2023-02-03 22:38:40,18.2164,42.5053,20,87,51.89000000000002,6.17
520,novo aripuana,BR,2023-02-03 22:38:40,-5.1206,-60.3797,100,99,72.31999999999996,0.23
521,katobu,ID,2023-02-03 22:38:40,-4.9408,122.5276,100,78,80.618,3.56
522,aflu,,,,,,,,
523,aykhal,RU,2023-02-03 22:38:41,66,111.5,100,100,-21.604000000000006,1.49
524,avera,US,2023-02-03 22:38:41,33.194,-82.5271,0,53,40.78399999999999,3.75
525,khorixas,NA,2023-02-03 22:38:41,-20.3667,14.9667,100,39,70.34000000000003,1.16
526,moerai,PF,2023-02-03 22:38:42,-22.4333,-151.3333,5,81,80.43800000000005,6.04
527,yaypan,UZ,2023-02-03 22:38:42,40.3758,70.8156,100,82,43.43000000000004,2.48
528,maningrida,AU,2023-02-03 22:38:42,-12.0667,134.2667,86,65,85.98200000000003,3.91
529,saldanha,ZA,2023-02-03 22:37:54,-33.0117,17.9442,0,87,57.524000000000015,2.1
530,cidreira,BR,2023-02-03 22:38:43,-30.1811,-50.2056,100,93,71.63599999999997,3.68
531,aripuana,BR,2023-02-03 22:38:43,-9.1667,-60.6333,100,99,72.69800000000004,0.7
532,hualmay,PE,2023-02-03 22:38:44,-11.0964,-77.6139,100,86,71.726,2.84
533,paka,MY,2023-02-03 22:38:44,4.6374,103.4368,40,83,82.59800000000003,3.09
534,tabuk,PH,2023-02-03 22:38:44,17.4189,121.4443,70,65,80.65399999999995,1.86
535,kutum,SD,2023-02-03 22:38:45,14.2,24.6667,69,27,54.067999999999984,2.92
536,akom,CM,2023-02-03 22:38:45,2.6678,12.7109,74,62,66.55999999999997,0.23
537,alyangula,AU,2023-02-03 22:38:45,-13.8483,136.4192,47,56,87.33200000000002,2.91
538,evensk,RU,2023-02-03 22:38:46,61.95,159.2333,96,80,1.958000000000002,3.96
539,port moresby,PG,2023-02-03 22:38:46,-9.4431,147.1797,100,78,80.54600000000005,5.51
540,kihei,US,2023-02-03 22:38:46,20.785,-156.4656,40,73,78.11600000000001,7.2
541,rawson,AR,2023-02-03 22:38:47,-43.3002,-65.1023,0,45,73.52599999999998,4.72
542,tezu,IN,2023-02-03 22:38:47,27.9167,96.1667,0,15,79.934,1.79
543,bar harbor,US,2023-02-03 22:34:56,44.3876,-68.2039,100,55,-11.451999999999977,7.2
544,vao,NC,2023-02-03 22:38:47,-22.6667,167.4833,100,82,81.08599999999997,7.03
545,pundaguitan,PH,2023-02-03 22:38:48,6.3711,126.1689,100,76,80.816,4.37
546,tagusao,PH,2023-02-03 22:38:48,9.1924,117.8141,98,66,84.21799999999999,3.26
547,aklavik,CA,2023-02-03 22:38:48,68.2191,-135.0107,96,93,-23.692,0.64
548,bergen,NO,2023-02-03 22:37:18,60.392,5.328,75,73,37.417999999999985,5.66
549,kavieng,PG,2023-02-03 22:38:49,-2.5744,150.7967,100,75,82.68800000000005,2.72
550,huntington,US,2023-02-03 22:34:11,38.4193,-82.4452,0,68,21.14600000000005,2.57
551,phumi samraong,,,,,,,,
552,gat,IL,2023-02-03 22:38:49,31.61,34.7642,76,100,51.674000000000014,5.75
553,raudeberg,NO,2023-02-03 22:38:50,61.9875,5.1352,100,53,37.13000000000004,9.64
554,lavrentiya,RU,2023-02-03 22:38:50,65.5833,-171,30,93,-19.87599999999999,3.49
555,ankang,CN,2023-02-03 22:38:50,32.68,109.0172,88,39,55.50800000000001,2.4
556,kimbe,PG,2023-02-03 22:38:51,-5.5502,150.1429,90,66,86.66600000000001,3.26
557,college,US,2023-02-03 22:38:51,64.8569,-147.8028,75,83,7.016000000000009,0
558,sorong,ID,2023-02-03 22:38:51,-0.8833,131.25,100,75,82.27400000000002,3.04
559,juneau,US,2023-02-03 22:38:52,58.3019,-134.4197,100,94,34.483999999999995,0
560,bukama,CD,2023-02-03 22:38:52,-9.2,25.85,100,98,69.98000000000005,0.14
561,hajnowka,PL,2023-02-03 22:38:52,52.7433,23.5812,100,72,29.06600000000001,4.65
562,suntar,RU,2023-02-03 22:38:53,62.1444,117.6319,100,92,-14.386000000000017,2.19
563,along,IN,2023-02-03 22:38:53,28.1667,94.7667,0,25,76.94600000000005,0.71
564,yola,NG,2023-02-03 22:38:53,9.2,12.4833,100,22,73.81400000000004,0.8
565,grand baie,MU,2023-02-03 22:38:54,-20.0182,57.5802,64,74,82.72400000000002,2.68
566,ulaangom,MN,2023-02-03 22:38:54,49.9811,92.0667,91,90,-8.590000000000025,1.09
567,puqi,CN,2023-02-03 22:38:54,29.7167,113.8833,99,49,56.101999999999975,2.46
568,dryden,CA,2023-02-03 22:38:55,49.7833,-92.7503,100,65,-1.641999999999996,10.29
569,kaohsiung,TW,2023-02-03 22:38:55,22.6163,120.3133,75,63,77.35999999999999,1.79
570,karratha,AU,2023-02-03 22:38:14,-20.7377,116.8463,15,39,95.9,6.58
571,maceio,BR,2023-02-03 22:38:56,-9.6658,-35.7353,20,94,74.91199999999995,1.03
572,laramie,US,2023-02-03 22:37:32,41.3114,-105.5911,0,36,39.21799999999998,5.66
573,bairnsdale,AU,2023-02-03 22:38:56,-37.8333,147.6167,99,70,64.32799999999997,3.58
574,shunyi,CN,2023-02-03 22:38:57,40.125,116.6453,0,17,43.016000000000005,1
575,lakes entrance,AU,2023-02-03 22:38:57,-37.8811,147.981,100,61,64.43599999999998,9.98
576,vanimo,PG,2023-02-03 22:38:58,-2.6741,141.3028,42,69,85.02799999999996,3.13
577,pizarro,CO,2023-02-03 22:38:58,4.9533,-77.366,64,88,76.36999999999996,1.07
578,lianran,CN,2023-02-03 22:38:58,24.9227,102.485,9,21,61.609999999999985,6.94
579,swan hill,AU,2023-02-03 22:36:10,-35.3378,143.5544,18,30,77.21600000000001,6.48
580,sao felix do xingu,BR,2023-02-03 22:36:26,-6.6447,-51.995,73,97,70.23200000000003,0.17
581,quthing,LS,2023-02-03 22:38:59,-30.4,27.7003,1,59,66.18200000000002,0.95
582,vyritsa,RU,2023-02-03 22:38:59,59.4078,30.3481,100,95,24.583999999999993,3.57
583,vila,PT,2023-02-03 22:38:59,42.0304,-8.1588,0,69,36.751999999999974,1.72
584,samarai,PG,2023-02-03 22:39:00,-10.6167,150.6667,100,72,85.28000000000004,1.67
585,kupang,ID,2023-02-03 22:39:00,-10.1667,123.5833,75,100,79.64600000000004,1.54
586,yumen,CN,2023-02-03 22:39:00,40.2833,97.2,98,31,30.398000000000025,3.02
587,antoing,BE,2023-02-03 22:39:01,50.556,3.4653,99,94,49.71199999999996,2.13
588,inuvik,CA,2023-02-03 22:39:01,68.3499,-133.7218,75,68,-28.174000000000014,1.03
589,high rock,BS,2023-02-03 22:39:02,26.6208,-78.2833,75,82,71.88800000000005,10.21
590,lincoln,US,2023-02-03 22:39:05,40.8,-96.667,0,61,30.398000000000025,3.13
591,luau,AO,2023-02-03 22:39:06,-10.7073,22.2247,100,97,65.04800000000003,1.42
592,wasilla,US,2023-02-03 22:39:11,61.5814,-149.4394,100,93,27.338000000000044,0
593,te anau,NZ,2023-02-03 22:39:13,-45.4167,167.7167,42,48,81.06799999999998,2.74
594,porbandar,IN,2023-02-03 22:39:17,21.6422,69.6093,0,45,66.45199999999997,0
595,kieta,PG,2023-02-03 22:39:19,-6.2167,155.6333,98,79,83.55199999999998,2.37
596,san vicente,AR,2023-02-03 22:39:21,-26.6167,-54.1333,100,99,63.30199999999998,0.46
597,ferme-neuve,CA,2023-02-03 22:39:22,46.7001,-75.4493,100,84,-24.124000000000017,4.52
598,baker city,US,2023-02-03 22:36:38,44.7749,-117.8344,0,74,35.90600000000003,2.06
599,louisbourg,,,,,,,,
600,valdemarpils,LV,2023-02-03 22:39:25,57.3707,22.5919,100,77,27.446000000000048,5.55
